{
  "project_info": {
    "project_number": "864568376301",
    "firebase_url": "https://medicloud-31ae9.firebaseio.com",
    "project_id": "medicloud-31ae9",
    "storage_bucket": "medicloud-31ae9.appspot.com"
  },
  "client": [
    {
      "client_info": {
        "mobilesdk_app_id": "1:864568376301:android:d53feb51ef9a3390",
        "android_client_info": {
          "package_name": "com.sg.medicloud"
        }
      },
      "oauth_client": [
        {
          "client_id": "864568376301-l13pnvfir6rmdfucv40i2bv3frqskj75.apps.googleusercontent.com",
          "client_type": 3
        }
      ],
      "api_key": [
        {
          "current_key": "AIzaSyDKjzkpEUImb8ycD4SX6nG5B_BI0oYomxU"
        }
      ],
      "services": {
        "analytics_service": {
          "status": 1
        },
        "appinvite_service": {
          "status": 1,
          "other_platform_oauth_client": []
        },
        "ads_service": {
          "status": 2
        }
      }
    }
  ],
  "configuration_version": "1"
}